{"display": {"background": "minecraft:textures/block/moss_block.png", "frame": "challenge", "icon": {"item": "minecraft:player_head", "nbt": "{SkullOwner:{Id:[I;2117064067,1531005570,-1656654351,713378520],Properties:{textures:[{Value:\"eyJ0ZXh0dXJlcyI6eyJTS0lOIjp7InVybCI6Imh0dHA6Ly90ZXh0dXJlcy5taW5lY3JhZnQubmV0L3RleHR1cmUvYWI2MTU4ODFhYWY0MmI5OWJlMjUyMGVjZmQ3MDcwOTQzZjQzZDJjNmYzYTg3NzU0NDVlZTU4YmVlMWJlNWNjIn19fQ==\"}]}}}"}, "title": [{"text": "TheDiamondPlayables Datapacks:", "color": "white"}], "description": [{"text": "Loaded Datapacks:\n", "color": "yellow"}, {"text": "patreon.com/thediamondplayables", "color": "green"}], "show_toast": true, "announce_to_chat": false, "hidden": false}, "criteria": {"1": {"trigger": "minecraft:tick"}}, "rewards": {"function": "tdp.360:message"}}